,Power load,Electricity Cost,Damage
0,5949.722991689751,50.12500000000001,1.0932231191140998
1,3789.196675900278,52.29166666666666,1.1649555499403592
2,4831.301939058173,53.20833333333333,0.925313158895586
3,5262.880886426595,52.333333333333336,1.0379377661826128
4,4444.459833795013,50.375,1.0508495277505394
